contact_id,first_name,last_name,email
4661,Cecilia,Velasco,cecilia.velasco@rodrigues.fr
3765,Mariana,Ellis,mariana.ellis@rossi.or
4187,Sofie,Woods,sofie.woods@riviere.co
4941,Jeanette,Iannotti,jeanette.iannotti@yahoo.co
2199,Samuel,Sorgatz,samuel.sorgatz@gmail.co
5650,Socorro,Luna,socorro.luna@hotmail.co
5889,Carolina,Murray,carolina.murray@knight.co
4842,Kayla,Moon,kayla.moon@yahoo.de
3280,Ariadna,Geisel,ariadna.geisel@rangel.co
5468,Danielle,Ladeck,danielle.ladeck@scalfaro.ne
3064,Tatiana,Thompson,tatiana.thompson@hunt.ne
4904,Caleb,Benavides,caleb.benavides@rubio.co
1299,Sandra,Hardy,
5602,Lotti,Morris,lotti.morris@yahoo.co
5753,Reinhilde,White,reinhilde.white@voila.fr
4495,Kerry,Patel,kerry.patel@hutchinson.co
4269,Sophie,Antoine,sophie.antoine@andersen.co
2226,Martha,Girard,
1558,Stephanie,King,stephanie.king@cervantes.co
2307,Amanda,Palmer,amanda.palmer@didier.fr
2900,Lina,Alcala,lina.alcala@vespa.ne
5695,Itzel,Murphy,itzel.murphy@muelichen.de
5708,Filippo,Parry,filippo.parry@live.co
1663,Katelyn,Cole,katelyn.cole@fiebig.co
3605,Brian,Novak,brian.novak@ford.ne
4678,Cilly,Gay,cilly.gay@callegaro.it
2251,Yolanda,Snyder,
6202,Evelin,Odonnell,evelin.odonnell@ibarra.ne
3715,Ingeborg,Alba,ingeborg.alba@hotmail.co
4242,Marina,Madrid,marina.madrid@galarza-al
4326,Sheila,Goodwin,sheila.goodwin@yahoo.co
5560,Valeria,Rich,valeria.rich@turchetta-mo
4002,Dustin,Camacho,dustin.camacho@rhodes.or
3813,Amalia,Marenzio,amalia.marenzio@grupo.co
5336,Gian,Long,gian.long@hotmail.co
4994,Stewart,Hunt,stewart.hunt@anderson-va
1471,Greca,Ruiz,greca.ruiz@carr.co
4482,Gerald,Olivera,gerald.olivera@outlook.co
3241,Jaqueline,Wallace,jaqueline.wallace@gmail.co
3477,John,Lane,john.lane@gregoire.fr
2265,Pero,Joly,pero.joly@bernard.ne
5911,Chad,Turner,chad.turner@gmail.co
2288,Adam,Zavala,adam.zavala@guichard.fr
4064,Tyler,Rivera,tyler.rivera@guajardo-oz
1294,Jens,Graham,jens.graham@jones-bu
5008,Virginia,Caetani,virginia.caetani@sosa.bi
3604,Martino,Wagner,martino.wagner@laposte.ne
3263,Martin,Meyer,martin.meyer@davis.co
5631,Marguerite,Walls,marguerite.walls@martinez.fr
2851,Peter,Vogt,peter.vogt@yahoo.co
3714,Nicholas,Christian,nicholas.christian@hotmail.de
1664,Susi,Steinberg,susi.steinberg@preiss.co
5027,Tammy,Ramazzotti,tammy.ramazzotti@gmail.co
3070,Abdul,Thomas,abdul.thomas@vasari.co
4248,Justin,Luxardo,justin.luxardo@googlemail.co
2034,Antonio,Gibson,antonio.gibson@faust.ne
4085,Jeremy,Gomez,jeremy.gomez@oconnor.or
3569,Raymond,Solorzano,raymond.solorzano@gmail.co
3889,Flora,Harris,flora.harris@hotmail.co
3136,Cheryl,Boyd,cheryl.boyd@segni.it
2103,Rhys,Leiva,
2329,Mariano,Prieto,mariano.prieto@vodafone.it
3325,Laurie,Fibonacci,laurie.fibonacci@gmail.co
3131,David,Rudolph,david.rudolph@nelson.co
4995,Bryan,Ross,bryan.ross@yahoo.co
3631,Ubaldo,Brown,ubaldo.brown@philippe.co
5373,Clelia,Faulkner,clelia.faulkner@hotmail.co
3126,Sara,Erickson,sara.erickson@yahoo.de
2194,Rupert,Valle,rupert.valle@filogamo.it
2906,Puccio,Kitzmann,puccio.kitzmann@yahoo.co
2611,Thomas,Hutchinson,
2374,Abelardo,Castro,abelardo.castro@gmail.co
3254,Greco,Walker,greco.walker@yahoo.co
3571,Miranda,Lacombe,miranda.lacombe@longoria-va
2812,Diana,Schuchhardt,diana.schuchhardt@libero.it
3961,Stacey,Knox,stacey.knox@corporacin.co
3872,Glen,Faivre,glen.faivre@yahoo.co
4736,Andrew,Torres,andrew.torres@ruiz-to
5119,Denny,Fritz,denny.fritz@despacho.bi
5725,Martyn,Caldera,martyn.caldera@hotmail.co
4037,Abigail,Foster,abigail.foster@taylor.ne
2109,Anthony,Hauffer,anthony.hauffer@tlustek.or
3283,Roger,Gerlach,gerlach@may-mitchell.co
6181,Christopher,Poirier,christopher.poirier@hotmail.co
3251,Branka,Traore,branka.traore@jacobi.co
3443,Briana,Etienne,briana.etienne@bishop-co
2988,Brandon,Olson,brandon.olson@prince-mo
1673,Celia,Ungaretti,
2085,Barbara,Guibert,barbara.guibert@casares-sa
1672,Daniela,Bell,daniela.bell@vollbrecht.or
4426,Phyllis,Gurule,phyllis.gurule@rodriguez-ph
3211,Alejandra,Joseph,alejandra.joseph@escalante-ab
3190,Giulio,Bohlander,giulio.bohlander@dbmail.co
2081,Amber,Weller,amber.weller@toso.eu
3185,Mary,Etzold,mary.etzold@conrad-ha
5044,Amy,Georges,amy.georges@raedel.de
1883,Jennifer,Giraud,jennifer.giraud@yahoo.co
2067,Rosie,Peltier,rosie.peltier@voila.fr
4604,Oreste,Ward,oreste.ward@proyectos.co
3203,Luis,Edwards,luis.edwards@live.co
5758,Fiona,Griffiths,fiona.griffiths@curatoli-ve
5755,Sally,Raya,sally.raya@tarchetti.it
5150,Carolyn,Charpentier,carolyn.charpentier@hotmail.de
4181,Nathalie,Alvarez,nathalie.alvarez@live.co
3006,Abril,Lowery,abril.lowery@novak.ne
4865,Ottone,Sullivan,ottone.sullivan@hussain-ka
2862,Esmeralda,Sollima,esmeralda.sollima@visintini.it
6070,Silvia,Gierschner,silvia.gierschner@tele2.it
5300,Kyle,Cunningham,kyle.cunningham@voila.fr
3486,Anel,Carpentier,anel.carpentier@klein-jo
5989,Sarah,Davis,sarah.davis@david.co
2849,Luke,Klein,luke.klein@hotmail.co
1612,Gudrun,Mueller,gudrun.mueller@dillon-fu
3307,Melissa,Canali,melissa.canali@libero.it
5288,Gabrielle,Ayala,gabrielle.ayala@hotmail.co
6026,Laura,Buckley,laura.buckley@ryan.or
2212,Wilfrido,Lorch,wilfrido.lorch@leclerc.fr
4591,Robert,Bruder,robert.bruder@manzoni.co
2771,Phillip,Soliz,phillip.soliz@outlook.co
5682,Alex,Smith,alex.smith@fournier.fr
5368,Jessica,Martinez,jessica.martinez@salieri.co
3706,Kelly,Carter,kelly.carter@hotmail.co
4034,Ahmad,Sosa,ahmad.sosa@gmail.co
3209,Toralf,Iglesias,toralf.iglesias@borrego.co
2384,Irene,Anichini,irene.anichini@yahoo.co
3074,Alicia,Cainero,alicia.cainero@yahoo.co
2031,Tracey,Laboy,tracey.laboy@bell.bi
5873,Donald,Reynaud,donald.reynaud@green.ed
5501,Venancio,Stadelmann,
3489,Seth,Olivier,seth.olivier@yahoo.co
4210,Dennis,Boaga,
6151,Pedro,Wilson,pedro.wilson@outlook.co
6047,Roland,Weihmann,roland.weihmann@gmail.co
5445,Hector,Morrison,
5493,Evangelos,Peters,evangelos.peters@sanchez.ne
6036,Gerardo,Hamilton,gerardo.hamilton@libero.it
2368,Meta,Cuzzocrea,meta.cuzzocrea@howard-je
1501,Alma,Raymond,
4351,Kathleen,Solimena,kathleen.solimena@wallace.bi
3096,Zacharie,Cordier,zacharie.cordier@gmail.co
6162,Riza,Techer,riza.techer@yahoo.co
1433,Enrique,Guillen,enrique.guillen@hotmail.co
2720,Tristan,Weeks,tristan.weeks@pena.co
5251,Natalie,Lerma,natalie.lerma@boucher.co
1797,Rodney,Hamon,rodney.hamon@hotmail.co
1656,Adalberto,Lombardo,
1346,Florencia,Querini,florencia.querini@gmail.co
2989,Liam,Rolland,liam.rolland@yahoo.fr
5629,Ian,Kelly,ian.kelly@reeves.co
3456,Mehdi,Todd,
3229,Rembrandt,Liguori,rembrandt.liguori@davis.or
2277,Irmi,Schweitzer,irmi.schweitzer@ozuna.co
1276,Gioffre,Stein,gioffre.stein@hotmail.co
3694,Frida,Villarreal,frida.villarreal@hotmail.de
2260,Steffen,Mangold,steffen.mangold@paul.ne
5374,Elias,Marin,elias.marin@herve.ne
4420,Roman,Gonzalez,roman.gonzalez@anderson.ne
3849,Reina,Middleton,reina.middleton@hotmail.co
1638,Sandro,Moran,sandro.moran@hotmail.de
5230,Gebhard,Thanel,gebhard.thanel@gmail.co
1763,Antonino,Bolander,antonino.bolander@gmail.co
4323,Karl,Trevisani,karl.trevisani@anguissola.it
5256,Silvester,Brookes,silvester.brookes@franco.or
4836,Octavio,Pratt,
5981,Rebecca,Greer,rebecca.greer@hotmail.co
1463,Pierina,Gaggini,pierina.gaggini@free.fr
4577,Robin,Schleich,robin.schleich@rogers-ba
4951,Sergio,Abbott,sergio.abbott@moore.ne
3567,Gilberto,Evans,gilberto.evans@salcedo-ar
5475,James,Elliott,james.elliott@gmail.co
2114,Timoteo,Bolnbach,timoteo.bolnbach@laboratorios.co
5216,Tonino,Stanley,tonino.stanley@hotmail.co
1665,Margaretha,Murialdo,margaretha.murialdo@meunier.co
6051,Bianca,Drubin,bianca.drubin@libero.it
3983,Kaylee,Hoffmann,kaylee.hoffmann@poulain.co
2966,Teresa,Vecellio,teresa.vecellio@yahoo.co
4478,Emine,Tacchini,emine.tacchini@dbmail.co
4238,Dawn,Cortez,dawn.cortez@gmail.co
4404,Emily,Cundari,emily.cundari@clark.co
5666,Eleanor,Hall,eleanor.hall@hotmail.co
3691,Monique,Delgadillo,monique.delgadillo@hotmail.co
2703,Arnaude,Warner,arnaude.warner@gmail.co
4253,Jason,Howell,
5652,Nicole,Mccullough,nicole.mccullough@hall.co
3279,Rosmarie,Esquibel,rosmarie.esquibel@bouygtel.fr
3233,Leonor,Ferreira,leonor.ferreira@gmail.co
3017,Brett,Jones,brett.jones@alice.it
3482,Nino,Bien,nino.bien@gmail.co
2166,Jemma,Tate,jemma.tate@hotmail.de
4146,Denis,Rogers,denis.rogers@poste.it
2651,Vanesa,Khan,vanesa.khan@voila.fr
1409,Victoria,Ojeda,victoria.ojeda@doehn.co
3717,Eugenio,Martin,eugenio.martin@yahoo.de
3963,Nancy,Hayes,nancy.hayes@hotmail.co
2152,Lara,Jacob,lara.jacob@buckley.or
2974,Gino,Hernandez,gino.hernandez@covarrubias.co
1268,Vicente,Tijerina,vicente.tijerina@montanariello.co
1822,Michele,Brambilla,michele.brambilla@yahoo.co
5066,Dana,Ritacca,dana.ritacca@gmail.co
5075,Mitchell,Bachmann,mitchell.bachmann@suarez-cr
3855,Vincenza,Key,vincenza.key@adams.co
5923,Salvador,Gaillard,salvador.gaillard@yahoo.de
1867,Diane,Rogner,diane.rogner@kelly.co
4376,Josette,Laine,josette.laine@saracino-pa
2785,Courtney,Fiebig,courtney.fiebig@doerschner.co
5884,Hugues,Oliver,hugues.oliver@stiffel.co
2441,Espartaco,Willis,espartaco.willis@hotmail.co
1243,Flavia,Yoder,flavia.yoder@hotmail.de
3411,Casey,Flores,casey.flores@baggio.or
2467,Calogero,Cross,calogero.cross@mercantini.it
1850,Charles,Begum,charles.begum@laboratorios.in
2604,Adina,Pollard,adina.pollard@outlook.co
1693,Natasha,Lara,natasha.lara@outlook.co
2969,Benita,Pottier,
1544,Elizabeth,Valdivia,elizabeth.valdivia@gmail.co
4149,Mattia,Huet,
3463,Geza,Howard,geza.howard@voila.fr
2939,Lauren,Guillaume,lauren.guillaume@sorgatz.or
2202,Joanna,Baxter,joanna.baxter@bruce-wr
1728,Tracy,Metz,tracy.metz@bryant.in
5362,Birgit,Pena,birgit.pena@armellini.it
4840,Elvira,Papafava,elvira.papafava@ifrance.co
2955,Ernest,Delorme,ernest.delorme@dowerg.de
5354,Christy,Grossi,christy.grossi@alarcon-ta
3847,Hermelinda,Olmos,hermelinda.olmos@portillo.co
3025,Herbert,Fraser,herbert.fraser@holloway.or
1615,Giancarlo,Heydrich,giancarlo.heydrich@hotmail.co
5154,Constance,Maldonado,constance.maldonado@spiess.ne
5005,Giampiero,Carlier,giampiero.carlier@hotmail.co
1349,Carlo,Jacquot,carlo.jacquot@hotmail.co
3670,Gabriel,Robles,gabriel.robles@yahoo.co
2912,Gerd,Gunpf,gerd.gunpf@gmail.co
4336,Ashley,Hellwig,ashley.hellwig@libero.it
5576,Patrick,Rosas,patrick.rosas@yahoo.co
2736,Lilla,Leonard,lilla.leonard@jungfer.co
3321,Tony,Nicolas,tony.nicolas@morrocco-se
3353,Allegra,Benedetti,allegra.benedetti@miller.co
2336,Camille,Tafuri,
4369,Juan,Wheeler,juan.wheeler@gilmore.ne
4464,Leopoldo,Johnson,leopoldo.johnson@hotmail.co
5626,Dietmar,Grenier,dietmar.grenier@tele2.it
1669,Leonid,Scholl,leonid.scholl@collin.co
5544,Olivie,Contarini,olivie.contarini@marshall-wr
6078,Jeffery,Lacroix,jeffery.lacroix@medina.or
2580,Edeltraud,Chavez,edeltraud.chavez@hotmail.co
3592,Mesut,Morvan,mesut.morvan@gmail.co
4914,Gregory,Jackson,gregory.jackson@ortiz.co
3848,Nicola,Rossi,nicola.rossi@berry.or
2619,Eddie,Collazo,eddie.collazo@gmail.co
4605,Philippe,Gardner,philippe.gardner@howells-jo
6147,Roy,Fox,roy.fox@tejeda.co
1383,Heiderose,Garcia,heiderose.garcia@noos.fr
1757,Claudine,Rowley,claudine.rowley@industrias.co
4390,Astrid,Roht,astrid.roht@fastwebnet.it
4165,Auguste,Burnett,auguste.burnett@yahoo.fr
4529,Pellegrino,Allen,pellegrino.allen@gmail.co
6084,Angela,Bowers,angela.bowers@laboratorios.co
2916,Michael,Descamps,michael.descamps@gmail.co
2005,Heidelore,Kennedy,heidelore.kennedy@guinizzelli.or
2261,Lucrezia,Koch,lucrezia.koch@petit.co
5342,Ivan,Accardo,
4087,Karen,Avogadro,karen.avogadro@yahoo.co
2761,Laetitia,Gallet,laetitia.gallet@aubry.or
2908,Amico,Gosselin,amico.gosselin@shaw.in
2155,Ilaria,Bowen,ilaria.bowen@hotmail.it
5642,Marlen,Coardi,marlen.coardi@colletti.eu
6217,Rafael,Alexander,rafael.alexander@jenkins.co
4222,Herma,Gabbana,herma.gabbana@hotmail.co
4798,Zachary,Vespucci,zachary.vespucci@industrias.co
5660,Marisol,Richard,marisol.richard@gmail.co
5000,Joseph,Glover,joseph.glover@laposte.ne
2809,Lauretta,Neal,lauretta.neal@hotmail.de
3349,Simone,Sauvage,simone.sauvage@yahoo.co
3647,Ramona,Brooks,ramona.brooks@kensy.de
5745,Gioele,Schwital,gioele.schwital@moody.co
2583,Elena,Jimenez,elena.jimenez@yahoo.co
5441,Pam,Vargas,pam.vargas@guillot.ne
2090,Alison,Morales,alison.morales@lewis.co
3386,Marc,Aumann,marc.aumann@holland.co
1816,Carla,Butler,carla.butler@yahoo.co
4718,Dionigi,Bruce,dionigi.bruce@industrias.co
1677,Frank,Henry,frank.henry@yahoo.co
4218,Brent,Pons,brent.pons@proyectos.ne
4548,Patricia,Liebelt,patricia.liebelt@baca.or
1431,Micheletto,Sykes,micheletto.sykes@thompson-th
2830,Rose,Blanc,rose.blanc@grupo.co
4400,Vincent,Singh,vincent.singh@gmail.co
5773,Jamie,Peacock,jamie.peacock@interiano-no
4161,Giorgia,Dijoux,giorgia.dijoux@paul.co
2062,Serena,Piacentini,serena.piacentini@yahoo.de
3458,Dimitri,Posada,dimitri.posada@gmail.co
3174,Alexa,Barillaro,alexa.barillaro@ramos.ne
5565,Megan,Kuhl,megan.kuhl@despacho.co
1906,Kaitlyn,Farinelli,kaitlyn.farinelli@outlook.co
5479,Jonathan,Castellitto,jonathan.castellitto@libero.it
4320,Lisa,Terragni,lisa.terragni@proyectos.co
4213,Olivier,Petrucelli,olivier.petrucelli@letta-ra
3373,Jos,Trobbiani,jos.trobbiani@samson.co
4184,Mirjam,Dawson,mirjam.dawson@yahoo.co
5472,Javier,Tessier,javier.tessier@mclaughlin.bi
5559,Mirjana,Collins,mirjana.collins@hotmail.co
5419,Vanessa,Tschentscher,vanessa.tschentscher@mitchell.co
4171,Antonina,Cobb,antonina.cobb@gibson.or
1302,Bernard,Durand,bernard.durand@royer.co
3520,Corey,Greggio,corey.greggio@johnson.or
6010,Rodolfo,Couturier,
4617,Pierre,Cardenas,pierre.cardenas@luzi-bo
1417,Romeo,Surian,romeo.surian@batista.co
4770,Ivo,Moreno,ivo.moreno@hotmail.co
4328,Federico,Marie,federico.marie@jourdan.fr
5171,Maggie,Boito,maggie.boito@yahoo.co
4394,Brianna,Hanson,brianna.hanson@stanley.co
1794,Heiko,Bourgeois,heiko.bourgeois@togliatti.co
3510,Benito,Gritti,benito.gritti@gmail.co
2487,Mitzy,Junk,mitzy.junk@zaragoza.co
2215,Samantha,Lowe,samantha.lowe@praga.it
4136,Ernesto,Nerger,ernesto.nerger@middleton.co
3723,Melinda,Canova,melinda.canova@orange.fr
5842,Mohammad,Hartung,mohammad.hartung@hotmail.co
3289,Ben,Maillot,ben.maillot@ramos.ne
1249,Isabel,Pruschke,isabel.pruschke@gmail.co
5409,Linda,Franceschi,linda.franceschi@richards.ne
2951,Olivia,Striebitz,olivia.striebitz@gmail.co
3432,Penny,Watson,penny.watson@matthews.ne
2297,Manfred,James,manfred.james@davies.or
6161,Hazel,Pierce,hazel.pierce@outlook.co
4603,Alf,Bates,alf.bates@dunn.co
5818,Scott,Gough,scott.gough@industrias.co
4270,Konrad,Briones,konrad.briones@fierro.co
6007,Mathilde,Kruschwitz,mathilde.kruschwitz@yahoo.co
4084,Irma,Gemito,irma.gemito@googlemail.co
1340,Antoine,Guyon,antoine.guyon@yahoo.co
5675,William,Gibilisco,william.gibilisco@gaillard.co
2010,Judith,Butte,judith.butte@fischer-va
6201,Joanne,Henderson,joanne.henderson@gmail.co
1791,Ludovica,Arellano,ludovica.arellano@morandi-ar
3314,Catherine,Gray,catherine.gray@hotmail.co
5852,Franco,Fioravanti,franco.fioravanti@barry-gi
4618,Heather,Zimmer,heather.zimmer@bluemel.de
2618,Hortense,Taylor,hortense.taylor@chambers.bi
4967,Livia,Ernst,livia.ernst@colas.fr
4594,Toby,Etzler,toby.etzler@industrias.co
2080,Ennio,Leoncavallo,ennio.leoncavallo@sanchez.or
2793,Philippine,Vaca,philippine.vaca@hotmail.co
4890,Rhonda,Phillips,rhonda.phillips@yahoo.co
3528,Alphonse,Nitto,alphonse.nitto@voila.fr
5810,Karina,Arreola,karina.arreola@yahoo.co
5720,Denise,Wood,denise.wood@mantegna.co
4593,Burghard,Rosenow,burghard.rosenow@hotmail.co
3186,Friedl,Powell,friedl.powell@laposte.ne
5136,Benjamin,Schultz,benjamin.schultz@rivero-da
2646,Rachel,Ulibarri,rachel.ulibarri@schueler.co
3460,Silvano,Blanchet,silvano.blanchet@yahoo.co
4345,Kurt,Sauer,kurt.sauer@almanza.bi
2690,Nayeli,Gehringer,nayeli.gehringer@hotmail.co
4025,Imelda,Guerin,imelda.guerin@stumpf.ne
4524,Zbigniew,Holmes,zbigniew.holmes@stiffel.ne
3978,Adela,Alfonsi,adela.alfonsi@despacho.co
3910,Hilary,Clark,hilary.clark@libero.it
5825,Kornelius,Molina,kornelius.molina@heuser.co
3564,Christian,Anderson,
2396,Francisco,Dorsey,francisco.dorsey@tiscali.fr
2140,Walli,Albert,walli.albert@dussen.co
3079,Siegrun,Mota,siegrun.mota@matthews-mo
2017,Alberico,Herve,alberico.herve@beer.ne
5444,Serafina,Bonnin,serafina.bonnin@mendes.co
2216,Marcelle,Bender,marcelle.bender@edwards-ro
1241,Hartmuth,Robertson,hartmuth.robertson@thomas.ed
1484,Herlinde,George,herlinde.george@free.fr
3475,Pamela,Payne,pamela.payne@yahoo.co
4333,Gastone,Beyer,gastone.beyer@stewart-sa
5657,Lydia,Berengario,
2527,Lucy,Davidson,lucy.davidson@tele2.it
5967,Franck,Wade,franck.wade@gute.or
5698,Heidi,Barker,heidi.barker@gmail.co
3331,Arnaldo,Ocasio,arnaldo.ocasio@hotmail.co
3841,Francis,Bernier,francis.bernier@rodriguez.co
6105,Johanne,Strong,johanne.strong@yahoo.de
3895,Debra,Langlois,debra.langlois@schmiedecke.co
1891,Reingard,Kambs,reingard.kambs@sagese.eu
1281,Mauro,Ortiz,mauro.ortiz@oquendo.ne
4186,Griselda,Carranza,griselda.carranza@krause.de
2511,Janet,Madrigal,janet.madrigal@gmail.co
4272,Jenna,Day,jenna.day@reed.co
3533,Modesto,Wright,modesto.wright@pareto.co
3618,Alice,Wall,alice.wall@zaccardo.it
2177,Brenda,Sontag,brenda.sontag@solari.co
4102,Sergius,Mace,sergius.mace@palazzo.co
6089,Antonia,Kline,antonia.kline@gmail.co
4701,Maurice,Gumprich,maurice.gumprich@griffin.ne
5645,Daniel,Anders,daniel.anders@yahoo.co
4499,Zaira,Cattaneo,zaira.cattaneo@yahoo.co
3365,Alessio,Bruneau,alessio.bruneau@hotmail.co
2290,Gerdi,Guerrero,gerdi.guerrero@tele2.fr
1890,Brigitte,Stiebitz,brigitte.stiebitz@gmail.co
1304,June,Sinisi,june.sinisi@manzoni-gi
3799,Carl,Macias,carl.macias@yahoo.co
2749,Veronica,Trapp,veronica.trapp@tiscali.it
2028,Frances,Garnier,frances.garnier@aporti-gu
2383,Terri,Iannelli,terri.iannelli@hotmail.co
5721,Odette,Moore,odette.moore@hall.ed
1394,Mercedes,Trujillo,
3451,Babette,Dumas,babette.dumas@brady.ne
5512,Jerry,Santiago,jerry.santiago@soprano-fe
2453,Ronald,Simpson,ronald.simpson@ovadia.ne
6055,Emmanuel,Dominguez,emmanuel.dominguez@gmail.co
5704,Christiane,Ricciardi,christiane.ricciardi@zavala.co
3707,Ingolf,Zamora,ingolf.zamora@yahoo.co
2205,Rita,Sharp,rita.sharp@beard-sc
5976,Geraldine,Cabrera,geraldine.cabrera@green-sm
3290,Chantal,Armas,chantal.armas@jenkins.ne
4257,Louis,Gilbert,louis.gilbert@gmail.co
4588,Michelle,Collier,michelle.collier@peruzzi.it
4785,Guillermina,Nicholson,guillermina.nicholson@grondin.fr
3033,Bertrand,Hopkins,bertrand.hopkins@gmail.co
2779,Alonso,Palomo,alonso.palomo@gehringer.de
2131,Tina,Rodriguez,
6229,Eva,Francis,eva.francis@parker.or
3429,Ottavio,Rust,ottavio.rust@crespi.co
1613,Amelia,Olvera,amelia.olvera@hotmail.co
4734,Paul,Palladio,paul.palladio@mclaughlin.ne
4439,Bernardo,Wieloch,bernardo.wieloch@budig.co
1441,Umberto,Hicks,umberto.hicks@hill.co
5799,Janko,Bishop,
1419,Jessika,Meunier,
3059,Isaac,Benard,isaac.benard@googlemail.co
3224,Alexandrie,Lambert,alexandrie.lambert@yahoo.co
3181,Roberto,Guyot,roberto.guyot@bennett.co
6061,Giulietta,Lucas,giulietta.lucas@club.co
4466,Damaris,Pininfarina,damaris.pininfarina@gmail.co
6081,Fabrizia,Renard,fabrizia.renard@higgins-ma
2159,Camillo,Dehmel,camillo.dehmel@brown-ca
3324,Ruggero,Parpinel,ruggero.parpinel@gmail.co
3176,Stephen,Pratesi,stephen.pratesi@hotmail.co
5874,Ludger,Naccari,ludger.naccari@ingram.bi
5110,Meryem,Tapia,meryem.tapia@yahoo.co
5490,Jasmine,Juvara,jasmine.juvara@yahoo.co
1922,Victoire,Travaglia,victoire.travaglia@zacchia.co
4398,Adrian,Noel,adrian.noel@perrin.co
4754,Marvin,Howe,marvin.howe@gmail.co
3309,Hanne,Kidd,hanne.kidd@yahoo.co
1244,Donatello,Millet,donatello.millet@fritsch.ne
2892,Eloisa,Pascarella,eloisa.pascarella@gmail.co
2777,Erica,Zambrano,erica.zambrano@gmail.co
4952,Paula,Canales,paula.canales@gilmore-gu
5144,Claudia,Bernard,claudia.bernard@mazzanti.it
5487,Paulina,Miller,paulina.miller@lewis-ba
1932,Kathrin,Godfrey,kathrin.godfrey@tele2.fr
3364,Pina,Passalacqua,pina.passalacqua@yahoo.co
5165,Julien,Miles,julien.miles@stevens-ro
3858,Suzanne,Benigni,suzanne.benigni@mennea-mo
4666,Annalisa,Pugh,annalisa.pugh@hotmail.fr
2896,Mathew,Maestas,mathew.maestas@casas-ga
4520,Laszlo,Vallee,laszlo.vallee@verdier.co
5726,Helen,Polanco,helen.polanco@hotmail.co
5661,Mateo,Sorrentino,mateo.sorrentino@calderon.co
4765,Eric,Barnes,eric.barnes@barrett-wi
3710,Dragica,West,dragica.west@yahoo.co
4925,Antje,Voisin,antje.voisin@gmail.co
1533,Stanley,Mills,stanley.mills@parker-le
5264,Brandy,Meraz,brandy.meraz@yahoo.co
4606,Conor,Reinhardt,conor.reinhardt@yahoo.co
2043,Gabino,Blot,gabino.blot@lewis-ru
3871,Alvaro,Lemus,alvaro.lemus@yahoo.co
6205,Patrizia,Wilms,patrizia.wilms@dbmail.co
3193,Metin,Coulon,metin.coulon@ashley.co
1810,Reece,Valencia,reece.valencia@laboy-pa
4797,Troy,Schmiedecke,troy.schmiedecke@picard.co
1487,Wendy,Bustos,wendy.bustos@libero.it
3474,Guglielmo,Caldwell,guglielmo.caldwell@loeffler.co
5771,Travis,Cowan,travis.cowan@turner.in
6074,Brandi,Abbagnale,brandi.abbagnale@tele2.fr
1568,Hanno,Gollum,hanno.gollum@smith.co
4263,Jutta,Burke,jutta.burke@elliott.co
5850,Dorothe,Paz,dorothe.paz@fiebig.de
5619,Desiree,Huerta,desiree.huerta@morris.co
1904,Ilse,Bray,ilse.bray@venturi.it
5388,Pierpaolo,Scaduto,pierpaolo.scaduto@sanders-gi
2150,Amedeo,Bradford,amedeo.bradford@yahoo.co
2653,Julia,Ali,julia.ali@yahoo.co
2687,Catalina,Pizzetti,
3779,Dylan,Porzio,dylan.porzio@yahoo.de
1494,Iris,Trincavelli,iris.trincavelli@tiscali.fr
4129,Johnathan,Guidotti,guidotti@cox-sanchez.ne
3035,Walburga,Vollbrecht,
2069,Kendra,David,kendra.david@allan-mo
5469,Aleksandr,Weiss,aleksandr.weiss@blanc.or
3903,Cornelio,Guardado,cornelio.guardado@gmail.co
4083,Ferdi,Blackburn,ferdi.blackburn@christensen.ne
4003,Bill,Gallagher,bill.gallagher@green.co
3565,Leonard,Harvey,leonard.harvey@hotmail.co
1640,Milan,Montenegro,milan.montenegro@langern.co
4769,Philip,Perez,philip.perez@hotmail.co
3398,Kathryn,Hentschel,kathryn.hentschel@shaw.co
1865,Xavier,Samson,xavier.samson@baggio.it
5690,Hartwig,Roberts,hartwig.roberts@saraceno.ne
3814,Kimberly,Chan,kimberly.chan@gmail.co
2942,Lorraine,Crawford,lorraine.crawford@gmail.co
5095,Maximiliano,Knowles,maximiliano.knowles@gmail.co
2878,Gabriella,Avila,gabriella.avila@gmail.co
3697,Rico,Mortati,rico.mortati@faivre.fr
4744,Gail,Petrocelli,gail.petrocelli@yahoo.co
2104,Liberto,Niemeier,liberto.niemeier@germano-di
4883,Luciana,Petitjean,luciana.petitjean@patterson-co
4807,Ron,Cavazos,ron.cavazos@yahoo.co
1372,Aldo,Cibin,
3666,Alexandre,Serrano,alexandre.serrano@yahoo.co
2066,Lori,Fagotto,lori.fagotto@hill-an
1834,Perla,Figueroa,perla.figueroa@live.co
5853,Reginald,Hughes,reginald.hughes@gmail.co
2219,Uriel,Holt,uriel.holt@gmail.co
4148,Stefano,Lemonnier,stefano.lemonnier@binner.co
4477,Madeleine,Cooper,madeleine.cooper@poste.it
1786,Alban,Barbier,alban.barbier@ortiz.or
3455,Alfonso,Finetti,alfonso.finetti@quiroz.co
5707,Ryan,Kim,ryan.kim@noos.fr
5470,Augustin,Wohlgemut,augustin.wohlgemut@watson.in
3274,Rolando,Bibi,
4613,Berthold,Randall,berthold.randall@mcdonald.co
4465,Genaro,Briand,
1652,Rudolf,Jenkins,rudolf.jenkins@hotmail.co
2100,Pauline,Ackermann,pauline.ackermann@arredondo-ro
4321,Folker,Swanson,folker.swanson@rodrigues.fr
4168,Ashleigh,Montez,ashleigh.montez@perry-sc
3733,Liliana,Barber,liliana.barber@libero.it
2594,Caridad,Carr,caridad.carr@huhn.co
3909,Lolita,Borrego,lolita.borrego@gmail.co
5179,Gunar,Patrick,gunar.patrick@leroy.co
2228,Leokadia,Verdier,leokadia.verdier@hotmail.co
6222,Hanna,Reid,hanna.reid@salas.or
2354,Edelgard,Kreusel,edelgard.kreusel@hotmail.co
1725,Svenja,Perrin,svenja.perrin@berger.co
2960,Pierluigi,Taccola,
2077,Cilli,Watts,cilli.watts@yahoo.co
5662,Emiliano,Wells,
3481,April,Davids,april.davids@fisher.in
2565,Dolores,Didier,dolores.didier@yahoo.co
4436,Sylvia,Bonomo,sylvia.bonomo@poulain.co
5072,Nelly,Marsh,nelly.marsh@hotmail.it
5200,Beth,Miniati,beth.miniati@hudson.ne
4502,Renee,Merino,renee.merino@gmail.co
4945,Hailey,Russell,hailey.russell@jourdan.or
3012,Raphaela,Gotthard,raphaela.gotthard@outlook.co
6094,Pomponio,Comencini,pomponio.comencini@hotmail.co
3815,Leone,Richardson,leone.richardson@yahoo.co
4838,Valentine,Acosta,valentine.acosta@peters.ne
3469,Ricciotti,Laureano,ricciotti.laureano@parsons.co
4874,Jacques,Heidrich,jacques.heidrich@zamudio-ch
1792,Anne,Snow,anne.snow@gmail.co
4356,Sonia,Volta,
6196,Dale,Leblanc,dale.leblanc@stewart.co
3578,Alejandro,Cruz,alejandro.cruz@hotmail.co
4491,Elsa,Cugia,elsa.cugia@yahoo.co
3054,Geronimo,Pechel,geronimo.pechel@hotmail.co
1968,Melania,Klemm,melania.klemm@seidel.co
5869,Katherine,Cooley,katherine.cooley@yahoo.co
5858,Guillermo,Larsen,guillermo.larsen@yahoo.co
5203,Jill,Barrios,jill.barrios@gmail.co
2577,Austin,Musatti,
3216,Jacinto,Rose,jacinto.rose@yahoo.co
2037,Lucie,Redi,lucie.redi@googlemail.co
3867,Tania,Chapman,tania.chapman@remy.co
5109,Alexandria,Best,alexandria.best@yahoo.co
1376,Edward,Scott,edward.scott@yahoo.co
5260,Jake,Wiley,jake.wiley@outlook.co
2350,Claudio,Reuter,claudio.reuter@morgan-co
2269,Laure,Traetta,traetta@kay-perkins.co
3650,Magarete,Valentin,magarete.valentin@yahoo.co
3934,Paige,Hill,paige.hill@jones.or
4048,Fulvio,Curiel,fulvio.curiel@reynolds.co
4266,Thibaut,Camarillo,thibaut.camarillo@hotmail.co
3863,Romana,Blanchard,romana.blanchard@googlemail.co
4922,Thibault,Savorgnan,thibault.savorgnan@butler.bi
4517,Alexander,Pausini,alexander.pausini@gonzalez.in
3259,Pierangelo,Scholtz,pierangelo.scholtz@lefevre.co
3123,Emmanuelle,Keller,emmanuelle.keller@morton-cl
3870,Isabella,Deleon,
2996,Timothy,Weitzel,timothy.weitzel@gmail.co
2993,Alfredo,Ingram,alfredo.ingram@hotmail.co
4556,Francesca,Kade,francesca.kade@luna-ra
2326,Tonia,Coleman,tonia.coleman@hotmail.co
4109,Gottfried,Barbe,gottfried.barbe@hotmail.co
5739,Jeffrey,Trommler,jeffrey.trommler@yahoo.co
5887,Giacobbe,Owens,giacobbe.owens@huet.fr
1651,Conchita,Pagliaro,conchita.pagliaro@googlemail.co
1628,Kevin,Delahaye,kevin.delahaye@ellis-wi
2642,Rouven,Ovadia,rouven.ovadia@gmail.co
6020,Piermaria,Laporte,piermaria.laporte@wesack.co
4747,Karolin,Johann,karolin.johann@hotmail.co
5534,Steven,Folliero,steven.folliero@noos.fr
4790,Livio,Rosselli,livio.rosselli@green.co
4632,Gaetano,Leonardi,gaetano.leonardi@despacho.co
1952,Cynthia,Robinson,cynthia.robinson@gilles.ne
4388,Eleni,Aponte,eleni.aponte@club-in
5529,Noelia,Romo,noelia.romo@yahoo.co
1316,Evelyn,Haynes,evelyn.haynes@clark.in
1670,Katharine,Zaccagnini,katharine.zaccagnini@hotmail.co
4909,Lea,Merle,lea.merle@stey.de
3401,Marta,Huynh,marta.huynh@hernandez.in
4619,Amador,Riley,amador.riley@hotmail.co
4722,Julie,Coles,julie.coles@hotmail.fr
2188,Beverley,Telesio,beverley.telesio@regnier.fr
5497,Corinne,Mitschke,corinne.mitschke@hauffer.ne
5711,Valerie,Ortega,valerie.ortega@tele2.it
4076,Carlos,Delle,carlos.delle@hicks.co
1847,Christina,Besnard,christina.besnard@delorme.co
2816,Rosario,Jacques,rosario.jacques@yahoo.co
5019,Celal,Fischer,
4869,Leonardo,Guzman,leonardo.guzman@andreozzi-ab
3613,Clinton,Mason,clinton.mason@yahoo.co
3069,Loretta,Mallet,loretta.mallet@sansoni-to
2601,Lorenzo,Roero,lorenzo.roero@hotmail.co
2133,Lando,Gutierrez,lando.gutierrez@heser.co
3164,Elaine,Patterson,elaine.patterson@rose-mo
3897,Marcella,Govoni,marcella.govoni@barkholz.ne
5663,Ettore,Amaldi,ettore.amaldi@germain.co
3879,Rufino,Gallegos,rufino.gallegos@webster-ne
5900,Georges,Richards,georges.richards@macdonald.co
2272,Janice,Infantino,janice.infantino@hotmail.co
5436,Svetlana,Montanariello,svetlana.montanariello@putz.de
3676,Agnolo,Cedillo,agnolo.cedillo@laboratorios.bi
4676,Hannah,Jockel,hannah.jockel@ceravolo-to
1563,Yvonne,Stout,yvonne.stout@sims.ed
4349,Anouk,Pace,anouk.pace@gmail.co
1658,Esteban,Valdez,esteban.valdez@hotmail.co
2552,Angelina,Davies,angelina.davies@hotmail.co
4847,Anastasie,Cadena,anastasie.cadena@live.co
1553,Hansjoachim,Lettiere,hansjoachim.lettiere@hall-mc
2632,Yeni,Tejada,yeni.tejada@olson.ed
1908,Dulce,Adinolfi,dulce.adinolfi@hotmail.co
5801,Sean,Mielcarek,sean.mielcarek@gmail.co
1935,Omar,Fonseca,omar.fonseca@grupo.or
2609,Henry,Gucci,henry.gucci@leleu.fr
2740,Samira,Bottaro,samira.bottaro@vasseur.fr
1907,Korinna,Arnold,korinna.arnold@zapata-sa
1831,Marcela,Ferrante,
5177,Douglas,Amaya,douglas.amaya@favata-br
6179,Katherina,Barrientos,katherina.barrientos@trobbiani.eu
2917,Brittany,Tran,brittany.tran@tele2.it
1486,Caroline,Reeves,caroline.reeves@yahoo.co
3735,Joe,Michaud,joe.michaud@yahoo.fr
3838,Marco,Vittadello,marco.vittadello@gmail.co
2430,Kim,Webb,kim.webb@yahoo.co
2480,Eugenia,Zichichi,eugenia.zichichi@yahoo.co
3431,Aurore,Rosemann,aurore.rosemann@leoncavallo-ru
1742,Giustino,Luzi,giustino.luzi@rolland.fr
4628,Anita,Galindo,anita.galindo@gmail.co
2385,Gunhild,Carrillo,gunhild.carrillo@elliott-gi
2213,Rosa,Paul,rosa.paul@bien.co
5188,Marliese,Oneal,marliese.oneal@gmail.co
3418,Bethany,Hartmann,bethany.hartmann@yahoo.co
5637,Irina,Martineau,irina.martineau@gmail.co
3530,Beatriz,Moulin,beatriz.moulin@pinto.co
3731,Lucas,Austin,lucas.austin@gmail.co
3219,Carole,Nohlmans,carole.nohlmans@yahoo.co
2392,Bozena,Schmitt,bozena.schmitt@vallet.co
5103,Aimee,Foconi,aimee.foconi@outlook.co
3992,Marzena,Carrero,marzena.carrero@roskoth.de
2442,Raisa,Poulain,raisa.poulain@fastwebnet.it
2913,Marcantonio,Bennett,marcantonio.bennett@hopkins.co
1631,Kenneth,Hurst,kenneth.hurst@meunier.ne
4073,Marisela,Mende,marisela.mende@godoy-en
4568,Blanka,Villareal,blanka.villareal@monduzzi.ne
1830,Tomislav,Stoppani,tomislav.stoppani@corporacin.or
2623,Krystal,Ammaniti,krystal.ammaniti@barbier.fr
4327,Deanna,Aporti,deanna.aporti@bouygtel.fr
3713,Donatella,Burns,donatella.burns@yahoo.de
2389,Margrit,Hooper,margrit.hooper@douglas.co
5141,Baccio,Marcacci,baccio.marcacci@laposte.ne
3522,Alfio,Roman,alfio.roman@hotmail.co
1334,Soledad,Soto,soledad.soto@hotmail.de
4721,Josh,Cimarosa,josh.cimarosa@hotmail.co
3768,Nath,Rico,nath.rico@yahoo.co
1639,Gary,Armani,
5149,Miriam,Oquendo,miriam.oquendo@smith-wa
2153,Monica,Mohaupt,monica.mohaupt@live.co
2767,,,
5124,Harry,Fouquet,harry.fouquet@ibarra-co
2097,Arcelia,Babati,arcelia.babati@orange.fr
4796,Trinidad,Vespa,trinidad.vespa@gmail.co
5849,Colette,Ryan,colette.ryan@hotmail.co
1495,Richard,Andre,richard.andre@porras.or
2462,Ellinor,Leclercq,ellinor.leclercq@gmail.co
2280,Patricio,Guillon,
1877,Kirsten,Chindamo,kirsten.chindamo@carrillo-wa
6108,Leo,Petruzzi,leo.petruzzi@yahoo.co
4427,Margot,Tomaselli,margot.tomaselli@junck.or
2881,Ansaldo,Marks,ansaldo.marks@patel-od
2339,Regina,Morin,regina.morin@barcaccia.ne
5156,Karla,Medici,karla.medici@yahoo.co
4750,Morgan,Irizarry,morgan.irizarry@williams-ha
4852,Natividad,Wong,natividad.wong@hoevel.co
5734,Anna,Freeman,anna.freeman@snyder.ne
3801,Emilia,Vivaldi,emilia.vivaldi@garnier.fr
4474,Gerda,Cook,
1992,Andrey,Faure,andrey.faure@frederick-mi
5796,Charlotte,Duke,charlotte.duke@ochoa.or
1373,Cindy,Castillo,cindy.castillo@virgilio.it
1879,Hiltrud,Thibault,hiltrud.thibault@barbe.co
3072,Kasimir,Jaime,kasimir.jaime@gmail.co
4561,Sabine,Lachmann,sabine.lachmann@phillips.or
5201,Andrea,Arroyo,andrea.arroyo@yahoo.co
5871,Matthew,Velasquez,matthew.velasquez@gmail.co
3041,Severino,Linares,severino.linares@angeli.co
5864,Swantje,Lomeli,
3999,Marcus,Espino,marcus.espino@comolli.eu
4849,Allen,Gates,allen.gates@gmail.co
5461,Mauricio,Saunders,mauricio.saunders@hotmail.co
5946,Gilbert,Cornejo,gilbert.cornejo@hotmail.co
4508,Letizia,Gulotta,letizia.gulotta@howard.bi
5096,Etta,Gutknecht,etta.gutknecht@leconte.ne
5443,Shelley,Perry,shelley.perry@gierschner.de
2165,Geoffrey,Williams,geoffrey.williams@poste.it
2125,Cory,Stewart,cory.stewart@voila.fr
6141,Kristy,Bartlett,kristy.bartlett@outlook.co
5245,Gianluca,Beck,gianluca.beck@green.bi
2190,Guido,Krein,guido.krein@gmail.co
2243,Leif,Monnier,leif.monnier@querini.it
3336,Jonas,Badoer,jonas.badoer@kennedy.bi
3305,Devin,Ebert,devin.ebert@yahoo.fr
6191,Slobodan,Camiscione,slobodan.camiscione@hotmail.co
1326,Volkmar,Gauthier,volkmar.gauthier@hotmail.co
6159,Jordan,Rowe,jordan.rowe@outlook.co
2003,Manon,Daugherty,manon.daugherty@segre.co
5881,Estela,Segovia,estela.segovia@vodafone.it
1918,Giada,Celentano,giada.celentano@evans.ne
2157,Clayton,Salcedo,clayton.salcedo@hotmail.co
3149,Raven,Pinto,raven.pinto@hotmail.co
2444,Lewis,Lewis,lewis.lewis@pisano.ne
6207,Rochus,Rousseau,rochus.rousseau@nguyen.co
5580,Belinda,Gamez,belinda.gamez@leleu.co
5942,Angelo,Lozano,angelo.lozano@macias.co
1592,Jorge,Monti,jorge.monti@clement.fr
2344,Ricky,Harrell,ricky.harrell@martin.ed
5995,Adriano,Wulf,adriano.wulf@schmidtke.ne
5022,Pompeo,Bourdon,pompeo.bourdon@gmail.co
5991,Kristie,Garrett,kristie.garrett@wernecke.co
4020,Lodovico,Conley,lodovico.conley@yahoo.co
6028,Jean,Berthelot,jean.berthelot@oscuro.it
2790,Tadeusz,Medina,tadeusz.medina@jackson-cl
4033,Ruby,Carriera,ruby.carriera@hotmail.it
1261,Theres,Antonioni,theres.antonioni@hotmail.co
1979,Gloria,Morton,gloria.morton@outlook.co
2122,Graziano,Jensen,graziano.jensen@gmail.co
4506,Gianpaolo,Massey,gianpaolo.massey@bouvier.co
3016,Alain,Farmer,alain.farmer@hotmail.it
3272,Renato,Murillo,renato.murillo@club.co
1375,Edda,Ferraris,edda.ferraris@libero.it
4014,Luce,Marty,luce.marty@waehner.or
3199,Rotraud,Mitchell,rotraud.mitchell@laboratorios.co
2184,Israel,Watkins,israel.watkins@hotmail.co
2170,Nathan,Jennings,
1478,Gavin,Proietti,
6163,Emma,Rios,emma.rios@yahoo.co
1889,Todd,Douglas,
5912,Oscar,Holsten,oscar.holsten@yahoo.co
2537,Ann,Peron,ann.peron@grupo.bi
2118,Senta,Grassi,senta.grassi@hotmail.co
3234,Kata,Mena,kata.mena@gmail.co
3842,Gianfranco,Hethur,gianfranco.hethur@stewart-le
3032,Florentine,Saraceno,florentine.saraceno@gmail.co
3238,Giuliano,Bolzmann,giuliano.bolzmann@pacillo.it
2059,Alwine,Kostolzin,alwine.kostolzin@holloway.co
5238,Giacinto,Briggs,giacinto.briggs@yahoo.co
2578,Holly,Negrete,holly.negrete@hotmail.co
4789,Mark,Trapanese,mark.trapanese@gmail.co
2357,Alyssa,Brun,alyssa.brun@chittolini-sp
1235,Cristina,Chevalier,cristina.chevalier@proyectos.co
3558,Shannon,Lefevre,shannon.lefevre@gmail.co
1707,Logan,Hornich,
2842,Rosalia,Toro,rosalia.toro@free.fr
5318,Reiner,Poerio,reiner.poerio@yahoo.co
1620,Valentina,Pages,valentina.pages@hotmail.de
4998,Enrico,Fabre,enrico.fabre@gmail.co
3111,Sevim,Begue,sevim.begue@yahoo.co
1424,Sonja,Patberg,sonja.patberg@hotmail.co
3244,Christine,Hiller,christine.hiller@yahoo.co
4643,Maik,Beasley,maik.beasley@harper-br
6132,Elliot,Santana,
3790,Eloy,Renzi,eloy.renzi@gmail.co
1312,Wolf,Lutz,wolf.lutz@nichols-ja
5686,Giuseppe,Lee,giuseppe.lee@mahe.or
2111,Angelica,Cuellar,angelica.cuellar@zaguri-be
5685,Bekir,Normand,bekir.normand@yahoo.de
1905,Carmine,Gonzales,carmine.gonzales@schleich.ne
3271,Marianne,Hubert,marianne.hubert@hotmail.co
4178,Gonzalo,Montes,gonzalo.montes@hotmail.co
3275,Shelly,Guichard,shelly.guichard@gmail.co
5713,Tobias,Carbajal,tobias.carbajal@live.co
3339,Santiago,Berry,
5585,Emilio,Davenport,emilio.davenport@zamora-ru
4407,Maurizio,Gute,maurizio.gute@knight.in
1941,Nadia,Travaglio,nadia.travaglio@colletti-br
4690,Elisa,Barkholz,
3607,Cristal,Mazzini,cristal.mazzini@gmail.co
2670,Trevor,Granados,trevor.granados@gmail.co
5261,Matthieu,Mcdonald,matthieu.mcdonald@morrison.or
4121,Juliette,Preston,juliette.preston@gmail.co
4620,Stanislaw,Montalvo,stanislaw.montalvo@mcpherson-hu
4630,Lilia,Lollobrigida,
3440,Brigitta,Shaw,brigitta.shaw@hotmail.co
3572,Rebeca,Frey,rebeca.frey@gerard.fr
5306,Nicolas,Palacios,nicolas.palacios@meraz.co
5122,Susanna,Bonneau,susanna.bonneau@klingelhoefer.de
1368,Romina,Valentine,romina.valentine@hotmail.co
5370,Erika,Toussaint,
5636,Lothar,Laurent,lothar.laurent@garcia.co
6033,Chelsea,Verdugo,chelsea.verdugo@campbell.co
3599,Ria,Venier,ria.venier@murillo-es
5566,Carly,Summers,carly.summers@yahoo.co
1873,Pasquale,Tomasini,pasquale.tomasini@hotmail.co
3904,Stefani,Ughi,stefani.ughi@hotmail.it
4453,Jose,Huang,
5481,Petros,Gaona,petros.gaona@googlemail.co
2987,Maximilian,Siering,maximilian.siering@gaito-fo
2431,Ermenegildo,Holzapfel,
4158,Damien,Leger,damien.leger@dixon.bi
3753,Zeferino,Barrera,zeferino.barrera@zedillo-ve
4391,Alfred,Pohl,alfred.pohl@fechner.ne
2026,Marissa,Gaito,marissa.gaito@reed-ca
4547,Ariana,Houston,ariana.houston@hotmail.it
2798,Victor,Jacobs,victor.jacobs@young.co
4732,Henriette,Lang,henriette.lang@mimun.it
5126,Wilfriede,Baca,wilfriede.baca@caraballo.co
5151,Lucia,Riviere,lucia.riviere@samaniego.bi
2134,Gordon,Vigorelli,gordon.vigorelli@solano.co
5786,Diethard,Salgado,diethard.salgado@gmail.co
5515,Sue,Corrales,sue.corrales@cardenas-se
4530,Arthur,Salazar,arthur.salazar@yahoo.co
4088,Fortunata,Schneider,fortunata.schneider@tiscali.it
3667,Gretchen,Serna,gretchen.serna@pichon.or
3286,Egon,Caron,egon.caron@hotmail.co
4804,Roberta,Finzi,roberta.finzi@knight-da
5768,Editha,Savage,editha.savage@davies.co
6098,Allan,Emanuelli,allan.emanuelli@fernandes.or
2508,Laurence,Lucero,laurence.lucero@martin.or
5779,Istvan,Draghi,istvan.draghi@ifrance.co
1717,Luigi,Bonnet,luigi.bonnet@carriera-fe
3368,Yuridia,Fantozzi,yuridia.fantozzi@mcdonald.co
4265,Eraldo,Schmiedt,eraldo.schmiedt@hotmail.de
4455,Antoinette,Cox,antoinette.cox@bustamante.co
2940,Cameron,Ocampo,cameron.ocampo@hotmail.co
6144,Lynn,Lawson,lynn.lawson@leclercq.co
3657,Natalia,Seifert,natalia.seifert@ifrance.co
1537,Nuray,Anguillara,nuray.anguillara@yahoo.co
2116,Beate,Morgan,beate.morgan@gmail.co
5102,Mario,Rees,
5815,Galasso,Junken,galasso.junken@yahoo.co
4250,Luca,Moses,luca.moses@franke.de
4533,Aurelio,Gertz,aurelio.gertz@hewitt.ne
3329,Uberto,Steele,uberto.steele@outlook.co
3606,Annie,Hunter,annie.hunter@allen.co
4749,,,
2222,Eitel,Lombard,eitel.lombard@thomas.ne
1939,Susan,Vigliotti,susan.vigliotti@yahoo.co
2456,Jacqueline,Germano,jacqueline.germano@valette.fr
2794,Fidel,Ruppert,fidel.ruppert@yahoo.co
2648,Margaret,Eigenwillig,margaret.eigenwillig@yahoo.co
2545,Yvette,Harding,yvette.harding@yahoo.co
3273,Federigo,Karge,federigo.karge@bohlander.co
6155,Guenther,Armenta,guenther.armenta@free.fr
6064,Coriolano,Higgins,coriolano.higgins@murphy.or
1729,Felix,Rubio,felix.rubio@ebert.de
4969,Melanie,Leveque,melanie.leveque@fleury.ne
3402,Abbie,Galeati,abbie.galeati@ubaldi.it
2810,Vittorio,Caccioppoli,vittorio.caccioppoli@yahoo.co
2217,Biagio,Valenzuela,biagio.valenzuela@robinson.in
5140,Dario,Green,dario.green@live.co
4497,Alwina,Textor,alwina.textor@poste.it
5100,Diether,Baeza,diether.baeza@grupo.bi
3390,Sole,Trevino,sole.trevino@hotmail.co
1926,Darren,Bernardi,darren.bernardi@brooks-ma
3264,Martina,Heser,martina.heser@morellato.it
2573,Bethan,Giacometti,bethan.giacometti@gmail.co
3628,Ethan,Duhamel,
3826,Corrado,Warren,corrado.warren@hotmail.co
5983,Damian,Pulido,damian.pulido@yahoo.de
5678,Dino,Osborne,dino.osborne@despacho.co
2093,Nicolaus,Bernetti,
5333,Gianna,Carroll,gianna.carroll@perez.co
5139,Grit,Knight,
3173,Erin,Weinhold,erin.weinhold@hotmail.fr
3333,Craig,Jordan,craig.jordan@gmail.co
2262,Homero,Respighi,homero.respighi@gmail.co
1531,Fanny,Pertile,fanny.pertile@gmail.co
4881,Fridolin,Comboni,fridolin.comboni@graf.co
3928,Hugh,Cantu,hugh.cantu@libero.it
1803,Alphons,Simmons,alphons.simmons@hotmail.co
2321,Ludovico,Cafarchia,ludovico.cafarchia@gmail.co
6234,Nico,Kaiser,nico.kaiser@almonte.co
1422,Kirsty,Lamy,kirsty.lamy@alonzi.it
2660,Joshua,Scheibe,joshua.scheibe@turci.or
5361,Carin,Pineau,carin.pineau@yahoo.co
3420,Ellie,Galarza,ellie.galarza@pareto-ca
4337,Marion,Lira,marion.lira@ifrance.co
2338,Aurelia,Angiolello,aurelia.angiolello@lord.co
4140,Maura,Ravaglioli,maura.ravaglioli@yahoo.co
2373,Brunhilde,Fletcher,brunhilde.fletcher@schomber.de
1344,Ottfried,Marques,ottfried.marques@tyler-wa
2141,Christelle,Blasi,christelle.blasi@morris-ch
3415,Augusto,Vercelloni,augusto.vercelloni@club-in
5696,Michela,Pruvost,michela.pruvost@holt.co
1798,Guarino,Escalante,guarino.escalante@hotmail.co
1657,Gabriela,Padilla,gabriela.padilla@pearson-ru
3651,Agathe,Dias,agathe.dias@jackson.co
3574,Werner,Kallert,werner.kallert@gmail.co
6063,Lore,Delaunay,lore.delaunay@yahoo.co
2404,Enzio,Campos,
2705,Walther,Duarte,
5059,Adelgunde,Trevisan,adelgunde.trevisan@gmail.co
5466,Thierry,Schwartz,thierry.schwartz@travaglio.ne
5821,Katie,Andersen,katie.andersen@haney.co
5385,Kathy,Zamorani,kathy.zamorani@hotmail.co
3506,Giuseppina,Tanguy,giuseppina.tanguy@wanadoo.fr
5427,Jack,Klapp,jack.klapp@hotmail.co
6142,Tom,Leconte,tom.leconte@woods-jo
2873,Bonnie,Cignaroli,bonnie.cignaroli@yahoo.co
3916,Danny,Farrell,danny.farrell@hotmail.co
1687,Fiorenzo,Bauer,fiorenzo.bauer@gmail.co
1542,Randy,Alfieri,randy.alfieri@verri.or
3087,Tim,Bradley,tim.bradley@schlosser.de
3857,Yves,Mendez,yves.mendez@gmail.co
5921,Raffaella,Esquivel,raffaella.esquivel@gmail.co
3144,Lawrence,Vasari,lawrence.vasari@castillo.ed
2676,Sam,Adams,sam.adams@yahoo.co
3646,Mirco,Nicolini,mirco.nicolini@blin.ne
1321,Graham,Bajardi,graham.bajardi@yahoo.co
1399,Luc,Quinn,luc.quinn@walker.co
3169,Stella,Ullrich,stella.ullrich@hotmail.co
2058,Calcedonio,Remy,calcedonio.remy@edwards-be
1300,Nanni,Almaraz,nanni.almaraz@martin.co
2075,Pascual,Corradi,pascual.corradi@lopez.ne
2984,Kristi,Grant,kristi.grant@yahoo.co
4768,Manuel,Gracia,manuel.gracia@trussardi.eu
3682,Gionata,Hussain,gionata.hussain@yahoo.co
5901,Maria,Nguyen,maria.nguyen@hernadez.co
3540,Leon,Baker,leon.baker@hotmail.co
2225,Gianmarco,Alcaraz,gianmarco.alcaraz@zacchia.ne
1485,Derrick,Little,derrick.little@small.or
5343,Terry,Ramirez,terry.ramirez@hotmail.co
5594,Katarina,Clarke,katarina.clarke@hotmail.co
2482,Leila,Washington,leila.washington@gmail.co
2706,Mirko,Townsend,mirko.townsend@schmitt.co
4861,Randall,Connolly,randall.connolly@jovinelli-ca
2961,Pia,Burgess,pia.burgess@proyectos.or
3043,Justine,Mancini,justine.mancini@tiscali.it
6103,Reynaldo,Wagenknecht,reynaldo.wagenknecht@faure.co
4708,Toni,Magrassi,toni.magrassi@gmail.co
4395,Patrizio,Cisneros,patrizio.cisneros@martinez.ed
4912,Durante,Lindner,durante.lindner@picard.fr
2030,Rosl,Lamborghini,rosl.lamborghini@hiller.ne
5235,Ugo,Harrison,ugo.harrison@morley-ch
5001,Isidor,Carpenter,isidor.carpenter@chauvin.co
4093,Marie,Zoppetto,marie.zoppetto@kallert.de
2576,Branko,Chambers,branko.chambers@ifrance.co
6122,Alan,Pineda,alan.pineda@proyectos.in
2813,Carmen,Oestrovsky,carmen.oestrovsky@gmail.co
3737,Shane,Fernandez,shane.fernandez@hotmail.de
2803,Debbie,Guilbert,debbie.guilbert@berg.ed
5508,Vito,Dossi,vito.dossi@hotmail.co
3850,Evan,Schacht,evan.schacht@price.co
4220,Mandy,Weston,mandy.weston@free.fr
4532,Paulo,Zito,paulo.zito@nelson.bi
6013,Alberto,Girschner,alberto.girschner@laboratorios.co
3396,Giacomo,Bouvet,giacomo.bouvet@gmail.co
4401,Ehrentraud,Puga,ehrentraud.puga@laboratorios.co
2981,Cristian,Hale,cristian.hale@hotmail.co
4467,Lilija,Charles,lilija.charles@gmail.co
1377,Albert,Legendre,
5036,Marisa,Renaud,marisa.renaud@smith.or
5761,Sharon,Diallo,sharon.diallo@gmail.co
3699,Eduardo,Delattre,eduardo.delattre@lynch.ne
4519,Bernadette,Wang,bernadette.wang@gmail.co
5395,Dina,Gibbons,dina.gibbons@brewer.ne
3057,Clara,Armstrong,clara.armstrong@vodafone.it
2741,Elliott,Herrmann,elliott.herrmann@hotmail.co
1675,Graziella,Vidal,graziella.vidal@hotmail.co
2712,Francisca,Becerra,francisca.becerra@young.co
4527,Edeltrud,Boyer,edeltrud.boyer@outlook.co
1722,Julian,Noble,julian.noble@hill.or
4330,Christophe,Bohnbach,christophe.bohnbach@ifrance.co
5219,Ippazio,Angulo,ippazio.angulo@yahoo.co
4997,Grace,Kroker,grace.kroker@hotmail.co
2239,Jared,Ferguson,jared.ferguson@roberts.co
4587,Virginie,McLean,virginie.mclean@yahoo.co
4113,Mason,Potter,mason.potter@gmail.co
4762,Aaron,Anaya,aaron.anaya@hotmail.co
5242,Leah,Ornelas,leah.ornelas@gmail.co
5765,Harald,Roy,
2185,Micaela,Martel,micaela.martel@hotmail.co
5500,Vincentio,Sanders,vincentio.sanders@voila.fr
3494,Bettina,Norbiato,bettina.norbiato@allen-lu
3924,Julio,Renner,julio.renner@industrias.ne
3521,Jelena,Stiffel,jelena.stiffel@trupp.de
5262,Guadalupe,Munoz,guadalupe.munoz@murray-ha
3684,Whitney,Noack,whitney.noack@laboratorios.or
5784,Gelsomina,Migliaccio,gelsomina.migliaccio@junk.co
1498,Evangelista,Pereira,evangelista.pereira@thompson-pe
6073,Gareth,Comolli,gareth.comolli@tiscali.fr
4939,Michelangelo,Hess,michelangelo.hess@bouygtel.fr
